region,MAE,R2
Australia,77.84340825962346,0.6536931682812759
Belgium,20.170195923759405,-1.9801441039766559
Canada,19.32790101540828,
Channel Islands,1.7711533486149165,
Cyprus,2.075652425358385,
Denmark,18.84421725746479,
EIRE,15.555315246870464,0.6820648526770748
Finland,6.98859487631711,-19.12358967613869
France,11.010311717611339,-0.5218616484639946
Germany,20.968859097023135,0.589545516797143
Greece,1.0720034606732938,
Israel,8.458609373891205,-3.062315901827171
Japan,62.42381301307424,0.44188345710933274
Netherlands,31.6384002231076,
Norway,230.67313531765376,
Portugal,7.293167860458774,0.7724431564385691
Spain,8.874542392260718,-3.7418163890600384
Sweden,23.769040126604022,0.9572377794047987
Switzerland,4.439782718120466,-1.8652761089034988
USA,79.68427207640309,0.553604650388406
United Arab Emirates,4.224086456993064,
United Kingdom,15.286001503624176,0.6135456097988836
